1,-0.12,0.03,0,4.55,0.39,8.8
,,,,,,
2,-0.14,0.01,0.01,4.47,0,9.08
,,,,,,
3,-0.13,0.04,0,4.28,-0.27,9.19
,,,,,,
4,-0.12,0.01,0,3.99,-0.24,8.87
,,,,,,
5,-0.12,0.05,0,4.52,-0.14,8.8
,,,,,,
6,-0.12,0.03,-0.01,4.59,-0.11,9.52
,,,,,,
7,-0.14,0.04,-0.01,4.62,-0.1,8.37
,,,,,,
8,-0.13,0.03,-0.02,4.44,-0.2,9.09
,,,,,,
9,-0.14,0.06,-0.02,4.48,-0.03,7.84
,,,,,,
10,-0.14,0.01,-0.02,4.11,0.12,9.38
,,,,,,
11,-0.12,0.03,-0.01,4.53,-0.12,8.93
,,,,,,
12,-0.12,0.02,-0.01,4.46,0.17,8.55
,,,,,,
13,-0.13,0.02,-0.02,4.41,0.29,8.96
,,,,,,
14,-0.12,0.03,-0.02,3.79,0.15,8.81
,,,,,,
15,-0.11,0.03,-0.02,4.11,0.4,8.8
,,,,,,
16,-0.11,0.03,-0.02,3.86,0.1,8.77
,,,,,,
17,-0.11,0.02,-0.02,4.15,0.62,8.83
,,,,,,
18,-0.09,0.02,-0.02,4.11,0.32,8.78
,,,,,,
19,-0.1,0,-0.02,3.83,0.08,8.92
,,,,,,
20,-0.1,0.03,-0.02,4.53,0.03,8.42
,,,,,,
21,-0.11,0.04,-0.03,4.22,0.67,8.85
,,,,,,
22,-0.14,0.04,-0.03,4.52,0.31,9.13
,,,,,,
23,-0.14,0.04,-0.02,4.06,-0.01,8.54
,,,,,,
24,-0.14,0.03,-0.02,4.47,0.58,9.15
,,,,,,
25,-0.15,0.01,-0.02,3.91,0.09,8.74
,,,,,,
26,-0.14,0.05,-0.02,4.18,0.56,8.62
,,,,,,
27,-0.13,0.01,-0.03,3.73,0.04,8.96
,,,,,,
28,-0.11,0.04,-0.02,4.79,0.08,8.28
,,,,,,
29,-0.1,0.02,-0.02,3.81,-0.12,9.02
,,,,,,
30,-0.1,0,-0.02,4.41,0.47,8.47
,,,,,,
31,-0.09,0.04,-0.02,4.3,0.16,8.72
,,,,,,
32,-0.1,0.02,-0.02,4.41,0.47,8.68
,,,,,,
33,-0.13,0.05,-0.02,4.77,0.16,8.65
,,,,,,
34,-0.15,0.06,-0.03,4.11,-0.11,8.4
,,,,,,
35,-0.15,0.03,-0.02,4.64,0.48,8.23
,,,,,,
36,-0.12,0.05,-0.03,4.4,0.66,9.08
,,,,,,
37,-0.1,-0.03,-0.03,4.04,0.33,8.65
,,,,,,
38,-0.12,0.01,-0.04,4.56,1.02,8.09
,,,,,,
39,-0.14,0.03,-0.03,4.49,-0.44,8.43
,,,,,,
40,-0.13,0,-0.01,4.09,0.15,8.45
,,,,,,
41,-0.08,0.02,-0.01,4.44,-0.43,8.56
,,,,,,
42,-0.07,0.02,-0.01,3.78,1.08,9.01
,,,,,,
43,-0.08,0.04,-0.02,4.73,0.45,8.83
,,,,,,
44,-0.14,0.03,-0.02,4.43,0.54,8.68
,,,,,,
45,-0.16,0.01,-0.02,4.13,0.39,8.89
,,,,,,
46,-0.14,0.04,-0.02,4.62,0.6,8.31
,,,,,,
47,-0.13,-0.04,-0.04,4.16,0.45,8.9
,,,,,,
48,-0.14,0.01,-0.02,4.01,0.14,7.77
,,,,,,
49,-0.12,0.04,-0.01,4.18,0.23,9.05
,,,,,,
50,-0.11,-0.01,0,3.98,0.02,8.43
,,,,,,
51,-0.05,0.03,0,4.71,-0.19,8.47
,,,,,,
52,-0.05,0.02,0.01,4.18,0.47,8.95
,,,,,,
53,-0.07,0.02,-0.01,3.92,0.69,9.35
,,,,,,
54,-0.13,0.02,-0.03,4.02,0.3,9.42
,,,,,,
55,-0.19,-0.03,-0.03,4.14,0.31,8.43
,,,,,,
56,-0.17,0.02,-0.04,4.52,-0.28,8.36
,,,,,,
57,-0.15,0.01,-0.03,4.14,0.66,9
,,,,,,
58,-0.14,0,-0.02,4.82,0.41,8.71
,,,,,,
59,-0.12,0.03,-0.01,4.67,0.75,8.53
,,,,,,
60,-0.07,0.03,-0.01,4.43,0.3,8.75
,,,,,,
61,-0.04,0.07,-0.02,4.18,0.41,9.06
,,,,,,
62,-0.04,0.03,-0.02,4.42,0.76,8.68
,,,,,,
63,-0.12,0.04,-0.03,3.79,0.76,8.43
,,,,,,
64,-0.17,0.03,-0.04,4.09,-0.1,9.3
,,,,,,
65,-0.17,-0.02,-0.04,3.97,0.26,8.82
,,,,,,
66,-0.17,-0.02,-0.03,4.45,-0.49,8.13
,,,,,,
67,-0.16,0.04,-0.02,4.87,-0.02,7.88
,,,,,,
68,-0.14,0.01,-0.01,4.15,-0.22,8.92
,,,,,,
69,-0.09,0.02,0,5.04,0.17,8.04
,,,,,,
70,-0.07,0.06,0,4.32,0.13,8.27
,,,,,,
71,-0.07,0.04,0,3.97,0.67,9.24
,,,,,,
72,-0.1,0.05,-0.01,4.12,0.95,8.84
,,,,,,
73,-0.13,0.02,-0.03,4.5,0.64,9.51
,,,,,,
74,-0.14,-0.06,-0.04,4.12,0.45,8.92
,,,,,,
75,-0.14,0.02,-0.02,4.98,0.52,8.02
,,,,,,
76,-0.13,0.04,-0.03,4.16,0.44,9.14
,,,,,,
77,-0.12,-0.03,-0.02,4.73,0.42,8.48
,,,,,,
78,-0.13,0.04,0,4.08,0.05,8.29
,,,,,,
79,-0.09,0.09,0,4.47,0.22,8.89
,,,,,,
80,-0.09,0.01,-0.01,3.79,0.8,9.71
,,,,,,
81,-0.11,0.01,-0.01,4.56,0.68,8.9
,,,,,,
82,-0.14,0.03,-0.03,3.32,0.42,9.77
,,,,,,
83,-0.13,-0.05,-0.03,4.32,-0.15,8.57
,,,,,,
84,-0.14,0.05,-0.03,4.46,0.2,8.53
,,,,,,
85,-0.13,0.01,-0.02,4.11,-0.29,8.65
,,,,,,
86,-0.13,0.03,0.01,4.16,-0.39,8.42
,,,,,,
87,-0.12,0.06,0.01,4.2,-0.07,8.64
,,,,,,
88,-0.09,0.06,-0.01,3.95,0.28,8.62
,,,,,,
89,-0.09,0,-0.01,4.34,-0.08,9.33
,,,,,,
90,-0.09,0.01,-0.01,4.18,0.54,8.91
,,,,,,
91,-0.11,0,-0.03,3.73,0.5,9.43
,,,,,,
92,-0.14,-0.04,-0.03,4.89,0.99,8.2
,,,,,,
93,-0.18,0.04,-0.03,4.31,-0.3,8.64
,,,,,,
94,-0.14,0.04,-0.02,4.6,0.21,8.61
,,,,,,
95,-0.12,0.01,-0.01,4.16,0.39,8.71
,,,,,,
96,-0.14,0.08,-0.01,4.9,0.33,8.14
,,,,,,
97,-0.12,0.07,-0.02,4.45,0.14,8.4
,,,,,,
98,-0.09,0,-0.02,4.08,0.04,8.71
,,,,,,
99,-0.09,0,-0.02,4.54,0.34,9.11
,,,,,,
100,-0.1,-0.04,-0.02,4.09,0.77,8.3
,,,,,,
101,-0.1,-0.02,-0.02,4.34,0.33,9.14
,,,,,,
102,-0.15,0.06,-0.01,4.69,0.38,8.41
,,,,,,
103,-0.14,0.07,0.01,3.89,0.01,9.32
,,,,,,
104,-0.13,0.01,0,4.37,0.02,8.73
,,,,,,
105,-0.12,0.08,-0.02,4.05,0.07,9.17
,,,,,,
106,-0.14,0.06,-0.02,4.29,0.47,9.07
,,,,,,
107,-0.11,0,0,4.24,0.64,8.43
,,,,,,
108,-0.08,0.03,-0.01,4.32,-0.02,8.99
,,,,,,
109,-0.1,-0.01,-0.01,4.54,0.98,7.94
,,,,,,
110,-0.11,0.03,-0.01,4.7,0.48,8.84
,,,,,,
111,-0.14,0.04,-0.01,4.22,0.45,9.01
,,,,,,
112,-0.13,0.03,0,4.17,0.64,9.05
,,,,,,
113,-0.16,0.03,0,4.01,0.42,8.62
,,,,,,
114,-0.13,0.07,-0.02,3.87,0.46,8.62
,,,,,,
115,-0.16,0.03,-0.02,3.79,0.27,9.21
,,,,,,
116,-0.11,-0.01,-0.01,3.67,-0.24,8.51
,,,,,,
117,-0.07,0.04,0,4.26,0.05,8.76
,,,,,,
118,-0.07,0.02,0,4.21,0.53,8.64
,,,,,,
119,-0.09,-0.01,0,4.48,0.86,8.71
,,,,,,
120,-0.15,0.05,-0.01,3.83,0.52,9.27
,,,,,,
121,-0.15,0.05,-0.01,4.46,0.77,8.92
,,,,,,
122,-0.17,0.04,-0.01,3.73,0.22,8.04
,,,,,,
123,-0.15,0.1,-0.03,4.75,0.44,7.67
,,,,,,
124,-0.17,0.06,-0.04,3.92,0.31,8.64
,,,,,,
125,-0.12,-0.02,-0.02,4.55,-0.15,8.34
,,,,,,
126,-0.08,0.06,-0.02,4.32,-0.06,8.32
,,,,,,
127,-0.07,0,-0.01,4.31,1.13,8.28
,,,,,,
128,-0.08,0.01,-0.01,4.45,0.47,8.99
,,,,,,
129,-0.14,0.05,-0.01,4.37,0.64,8.66
,,,,,,
130,-0.15,0.04,-0.01,4.38,0.51,8.75
,,,,,,
131,-0.18,0.06,-0.01,4.41,0.18,8.54
,,,,,,
132,-0.14,0.03,-0.01,4.21,0.57,8.71
,,,,,,
133,-0.14,0.07,-0.03,4.07,-0.11,8.71
,,,,,,
134,-0.12,0,-0.03,4.34,0.34,9.09
,,,,,,
135,-0.11,0.01,-0.01,4.39,-0.04,8.88
,,,,,,
136,-0.12,0.01,-0.01,3.97,0.74,8.29
,,,,,,
137,-0.12,0.02,0,4.61,0.9,9.54
,,,,,,
138,-0.13,0.04,0.01,3.91,0.75,9.1
,,,,,,
139,-0.11,0.03,-0.01,4.22,0.84,9.21
,,,,,,
140,-0.12,0.07,-0.02,4.19,0.46,8.63
,,,,,,
141,-0.14,0.08,-0.03,4.38,0.15,8.5
,,,,,,
142,-0.13,0.04,-0.02,3.85,0.54,8.39
,,,,,,
143,-0.11,0.04,-0.02,4.54,0.17,8.82
,,,,,,
144,-0.12,-0.01,-0.03,3.93,1.02,8.88
,,,,,,
145,-0.14,-0.06,0,4.24,-0.59,6.98
,,,,,,
146,-0.17,0.1,0,4.32,0.51,8.06
,,,,,,
147,-0.15,0.01,0.01,3.57,0.17,9.07
,,,,,,
148,-0.09,0.04,0,3.86,0.31,8.59
,,,,,,
149,-0.1,0.12,-0.01,4.35,0.71,8.94
,,,,,,
150,-0.11,0.06,-0.02,3.93,0.73,9.25
,,,,,,
151,-0.12,0.05,-0.03,4.54,0.55,8.6
,,,,,,
152,-0.09,0.05,-0.04,4.39,0.83,8.69
,,,,,,
153,-0.07,0.05,-0.02,4.58,-0.2,8.1
,,,,,,
154,-0.05,0.06,-0.03,4.76,0.72,8.3
,,,,,,
155,-0.03,0.09,-0.02,4.39,0.01,9.02
,,,,,,
156,-0.03,0.03,-0.02,4.18,0.02,8.08
,,,,,,
157,-0.01,0.03,-0.02,4.1,0.36,8.38
,,,,,,
158,-0.03,0.09,-0.02,4.31,0.64,8.67
,,,,,,
159,-0.04,0.04,-0.05,4.4,1.39,9.48
,,,,,,
160,-0.07,0.07,-0.06,4.34,0.24,8.31
,,,,,,
161,-0.09,0.09,-0.03,4.32,0.72,8.35
,,,,,,
162,-0.09,0.11,-0.02,4.1,0.65,9.46
,,,,,,
163,-0.06,-0.02,-0.01,3.68,0.6,9.26
,,,,,,
164,-0.08,0,-0.03,4.59,0.74,8.86
,,,,,,
165,-0.1,0.01,0,4.25,0.03,7.69
,,,,,,
166,-0.12,0.04,0.01,4.01,0.1,8.53
,,,,,,
167,-0.13,0.05,0,3.92,1.09,8.66
,,,,,,
168,-0.13,-0.01,-0.02,4.36,-0.1,8.48
,,,,,,
169,-0.17,0.07,-0.02,4.46,1.07,8.49
,,,,,,
170,-0.19,0.03,-0.01,4.12,0.07,9.53
,,,,,,
171,-0.2,-0.01,-0.01,4.36,1.15,8.51
,,,,,,
172,-0.17,-0.03,-0.02,4.12,0.38,8.83
,,,,,,
173,-0.16,0.09,-0.01,4.67,0.44,8.3
,,,,,,
174,-0.11,-0.03,-0.01,4.07,0.4,9.14
,,,,,,
175,-0.08,0.06,0,4.41,0.6,8.2
,,,,,,
176,-0.06,0.05,-0.01,4.08,0.2,8.54
,,,,,,
177,-0.05,0.02,-0.01,4.5,0.66,8.65
,,,,,,
178,-0.04,0.01,-0.02,4.34,0.59,8.71
,,,,,,
179,-0.04,-0.03,-0.02,4.34,0.56,8.56
,,,,,,
180,-0.04,-0.04,-0.03,4.55,0.66,8.47
,,,,,,
181,-0.13,0.01,-0.02,4.42,1.01,8.29
,,,,,,
182,-0.19,-0.07,-0.02,4.36,0.44,7.51
,,,,,,
183,-0.24,-0.02,-0.02,4.21,0.17,7.62
,,,,,,
184,-0.25,-0.02,0,4.24,0.44,8.68
,,,,,,
185,-0.23,-0.01,-0.01,3.81,0.34,9.71
,,,,,,
186,-0.1,0.03,-0.03,4.27,-0.07,9.8
,,,,,,
187,-0.06,-0.02,-0.01,4.7,-0.04,9.09
,,,,,,
188,-0.06,0,0,4.48,1.41,8.05
,,,,,,
189,-0.11,0.1,-0.02,3.93,1.11,8.97
,,,,,,
190,-0.16,-0.03,-0.02,4.02,0.95,8.53
,,,,,,
191,-0.14,0,-0.03,5.1,0.45,8.78
,,,,,,
192,-0.14,-0.03,-0.03,3.79,1.04,9.09
,,,,,,
193,-0.16,0,-0.04,4.81,0.21,8.35
,,,,,,
194,-0.11,0.02,-0.05,3.69,0.06,9.62
,,,,,,
195,-0.09,0.01,-0.02,4.54,0.12,8.23
,,,,,,
196,-0.1,0.07,-0.02,4.39,0.78,8.86
,,,,,,
197,-0.11,0.06,-0.01,4.12,-0.05,8.59
,,,,,,
198,-0.11,0.03,0,4.47,1.07,8.65
,,,,,,
199,-0.13,0.04,-0.01,4.56,0.58,9.09
,,,,,,
200,-0.16,-0.01,-0.01,3.92,0.9,9.02
,,,,,,
201,-0.15,0.02,-0.02,4.47,0.59,8.87
,,,,,,
202,-0.15,0.03,-0.03,3.81,0.41,9.16
,,,,,,
203,-0.12,0.03,-0.02,4.52,-0.19,8.87
,,,,,,
204,-0.1,0.04,-0.01,4.74,0.85,9.28
,,,,,,
205,-0.1,0.03,0,4.6,-0.02,8.34
,,,,,,
206,-0.1,0.06,-0.01,4.91,0.23,8.11
,,,,,,
207,-0.13,0.04,0.01,4.3,0.97,9.16
,,,,,,
208,-0.13,0.02,0,4.32,0.61,8.12
,,,,,,
209,-0.14,0.01,0,4.12,0.57,8.88
,,,,,,
210,-0.12,0.02,0,3.92,0.74,8.75
,,,,,,
211,-0.13,0,-0.03,3.98,0.72,7.98
,,,,,,
212,-0.12,0.03,-0.04,3.32,-0.12,8.69
,,,,,,
213,-0.12,0.07,-0.03,4.53,0.64,8.19
,,,,,,
214,-0.12,0.03,-0.02,3.93,0.62,9.14
,,,,,,
215,-0.1,0.04,-0.02,4.12,0.12,8.91
,,,,,,
216,-0.11,0.05,0,4.54,0.79,8.84
,,,,,,
217,-0.13,0.02,-0.01,4.4,0.9,9.1
,,,,,,
218,-0.13,-0.03,-0.01,4.12,0.07,8.67
,,,,,,
219,-0.14,0.01,0,4.45,0.57,8.42
,,,,,,
220,-0.15,0.03,-0.03,4.7,0.39,8.13
,,,,,,
221,-0.14,-0.02,-0.04,4.8,0.82,9.36
,,,,,,
222,-0.12,0.08,-0.04,4.59,0.76,8.71
,,,,,,
223,-0.09,0.03,-0.04,4.75,0,8.34
,,,,,,
224,-0.09,0.04,-0.02,4.18,0.36,8.35
,,,,,,
225,-0.12,0.08,-0.01,4.44,0.92,8.42
,,,,,,
226,-0.13,0,-0.03,4.1,0.24,8.99
,,,,,,
227,-0.13,-0.02,-0.01,3.96,0.34,8.69
,,,,,,
228,-0.14,0.07,-0.01,4.18,0.85,8.93
,,,,,,
229,-0.14,-0.01,-0.02,4.39,0.69,9.07
,,,,,,
230,-0.12,0.04,-0.03,4.11,0.79,9.18
,,,,,,
231,-0.11,0.07,-0.01,4.11,0.67,9.14
,,,,,,
232,-0.1,-0.01,-0.01,4.12,0.5,9.12
,,,,,,
233,-0.11,0.05,-0.01,4.64,0.58,8.79
,,,,,,
234,-0.12,0.04,0,3.88,0.71,9.29
,,,,,,
235,-0.11,-0.01,0,4.28,0.6,8.62
,,,,,,
236,-0.12,0.01,0,4.16,0.36,8.51
,,,,,,
237,-0.14,0.08,0.01,3.74,0.54,8.97
,,,,,,
238,-0.13,0.02,0,4.09,0.35,8.85
,,,,,,
239,-0.12,0.03,-0.02,3.95,0.42,9.06
,,,,,,
240,-0.12,0.03,-0.01,4.43,0.75,8.89
,,,,,,
241,-0.11,0.01,-0.02,4.22,0.27,8.86
,,,,,,
242,-0.11,0.01,-0.02,4.11,0.9,8.6
,,,,,,
243,-0.11,0.05,-0.01,4.25,0.5,8.34
,,,,,,
244,-0.11,0.03,-0.01,4.37,0.7,9.03
,,,,,,
245,-0.11,0.01,0,4.08,0.69,8.84
,,,,,,
246,-0.12,0.04,0,4.19,0.44,9.63
,,,,,,
247,-0.14,0,0,3.79,0.76,9.29
,,,,,,
248,-0.15,0.01,0,4.14,0.67,8.97
,,,,,,
249,-0.13,0.06,-0.02,4.11,0.5,8.72
,,,,,,
250,-0.12,0.03,-0.02,4.02,0.9,9.19
,,,,,,
251,-0.11,0.02,-0.03,4.4,0.49,8.95
,,,,,,
252,-0.13,0.07,-0.03,4.28,0.7,9.16
,,,,,,
253,-0.1,0.02,-0.01,4.14,0.36,8.93
,,,,,,
254,-0.12,0.01,-0.01,3.98,0.85,8.72
,,,,,,
255,-0.13,0.03,-0.01,4.46,0.17,8.79
,,,,,,
256,-0.14,0.03,-0.01,4.46,0.26,8.95
,,,,,,
257,-0.14,0.01,-0.01,3.96,0.46,8.62
,,,,,,
258,-0.12,0.04,-0.02,4.53,0.74,8.7
,,,,,,
259,-0.13,0.03,-0.02,3.94,1.05,9.21
,,,,,,
260,-0.11,0.04,-0.03,4.17,0.58,8.37
,,,,,,
261,-0.12,0.04,-0.03,4.52,0.3,8.49
,,,,,,
262,-0.12,0.02,-0.01,4.5,0.17,8.81
,,,,,,
263,-0.12,0.05,0.01,3.94,0.72,8.92
,,,,,,
264,-0.12,0.04,0.02,4.47,0.63,8.7
,,,,,,
265,-0.13,0.01,0.01,3.96,0.6,8.9
,,,,,,
266,-0.12,0.01,0.01,4.62,0.53,8.54
,,,,,,
267,-0.13,0.02,0,4.07,1.26,8.63
,,,,,,
268,-0.12,0.02,0,3.99,0.08,8.2
,,,,,,
269,-0.13,0.02,-0.01,4.23,1.04,8.2
,,,,,,
270,-0.12,0.08,-0.02,4.14,0.27,8.89
,,,,,,
271,-0.11,0.01,-0.03,4.38,0.15,8.22
,,,,,,
272,-0.11,0.05,-0.01,4.49,0.32,7.93
,,,,,,
273,-0.12,0.06,-0.01,4.03,0.87,8.94
,,,,,,
274,-0.12,0.01,0,4.67,0.39,9.28
,,,,,,
275,-0.12,0.02,0,4.14,0.75,8.77
,,,,,,
276,-0.13,0.05,0,4.87,0.39,8.15
,,,,,,
277,-0.14,0.02,-0.01,3.69,1.3,9.44
,,,,,,
278,-0.14,0.01,-0.01,4.72,0.43,8.15
,,,,,,
279,-0.13,0.06,-0.02,4.18,0.64,9.39
,,,,,,
280,-0.11,-0.01,-0.02,4.35,0.03,8.42
,,,,,,
281,-0.13,0.03,-0.02,4.59,0.5,8.44
,,,,,,
282,-0.12,0.05,-0.02,4.48,0.27,8.6
,,,,,,
283,-0.12,0,-0.01,4.51,0.39,8.74
,,,,,,
284,-0.14,0.01,-0.01,3.83,0.33,8.49
,,,,,,
285,-0.14,0.04,0,4.21,0.19,7.78
,,,,,,
286,-0.14,0.04,-0.01,4.27,0.75,8.68
,,,,,,
287,-0.14,0.02,-0.01,4.24,0.89,8.13
,,,,,,
288,-0.12,0.04,-0.02,4.15,0.44,9.02
,,,,,,
289,-0.12,0.01,-0.02,4.48,0.92,8.72
,,,,,,
290,-0.12,0.01,-0.03,3.98,0.9,8.5
,,,,,,
291,-0.12,0.03,-0.02,4.48,0.2,8.39
,,,,,,
292,-0.12,0.03,-0.03,4.42,1.12,8.63
,,,,,,
293,-0.11,0,-0.02,3.85,0.29,8.89
,,,,,,
294,-0.12,0.04,-0.02,4.64,1.09,8.43
,,,,,,
295,-0.12,0.01,-0.02,3.9,0.56,8.79
,,,,,,
296,-0.12,0.05,-0.02,4.7,1.05,8.31
,,,,,,
297,-0.13,0.02,-0.01,3.84,0.42,8.65
,,,,,,
298,-0.13,0.03,-0.01,4.57,0.91,8.39
,,,,,,
299,-0.13,0.06,-0.02,3.95,0.17,8.74
,,,,,,
300,-0.11,0.03,-0.02,4.39,0.49,9.04
,,,,,,
301,-0.11,0.03,-0.02,3.99,0.05,8.6
,,,,,,
302,-0.11,0.03,-0.01,4.17,0.18,8.49
,,,,,,
303,-0.12,0.03,0,3.94,0.01,8.47
,,,,,,
304,-0.12,0.04,-0.01,4.53,1.06,8.38
,,,,,,
305,-0.11,0,-0.02,3.94,0.39,8.27
,,,,,,
306,-0.14,0.02,-0.02,3.97,0.3,8.23
,,,,,,
307,-0.14,0.07,-0.02,4.19,0.45,8.48
,,,,,,
308,-0.13,0.03,-0.02,4,0.12,8.89
,,,,,,
309,-0.1,-0.01,-0.02,4.3,0.11,8.4
,,,,,,
310,-0.12,0.06,-0.02,4.53,0.51,8.19
,,,,,,
311,-0.11,0.03,-0.01,3.85,0.54,8.99
,,,,,,
312,-0.13,0.03,-0.01,4.57,0.92,8.5
,,,,,,
313,-0.12,0.04,-0.01,4.05,0.88,8.74
,,,,,,
314,-0.13,0.02,-0.02,4.09,0.71,8.27
,,,,,,
315,-0.14,0.05,-0.01,4.04,1.05,8.69
,,,,,,
316,-0.13,0.02,-0.02,3.81,0.54,9
,,,,,,
317,-0.12,0.02,-0.03,4.05,0.93,8.52
,,,,,,
318,-0.13,0.02,-0.03,3.88,0.42,8.57
,,,,,,
319,-0.11,0.01,-0.02,3.8,0.22,8.69
,,,,,,
320,-0.11,0.04,-0.02,4.39,0.42,8.55
,,,,,,
321,-0.11,0.04,-0.01,3.98,0.16,8.4
,,,,,,
322,-0.12,0.03,-0.01,4.48,0.71,8.88
,,,,,,
323,-0.12,0.05,0,4.43,0.61,9.4
,,,,,,
324,-0.13,0.04,0.01,4.14,0.81,8.88
,,,,,,
325,-0.13,0.06,0,4.4,1.47,8.82
,,,,,,
326,-0.14,0.04,-0.02,4.19,0.94,8.91
,,,,,,
327,-0.13,0.04,-0.02,4.17,0.79,9.17
,,,,,,
328,-0.11,0.03,-0.02,4.17,0.45,8.73
,,,,,,
329,-0.11,0.03,-0.02,4.33,0.85,8.77
,,,,,,
330,-0.11,0.03,-0.01,4.3,0.75,8.69
,,,,,,
331,-0.12,0.05,-0.01,4.31,0.69,8.53
,,,,,,
332,-0.12,0.04,0,4.41,0.75,8.66
,,,,,,
333,-0.13,0.05,0,4.13,0.46,8.39
,,,,,,
334,-0.13,0.04,0,4.02,0.26,8.37
,,,,,,
335,-0.14,0.06,-0.01,3.96,0.69,8.22
,,,,,,
336,-0.13,0.03,-0.01,3.48,0.09,8.7
,,,,,,
337,-0.12,0.1,-0.02,4.6,0.67,8.85
,,,,,,
338,-0.11,0.05,-0.02,3.58,0.26,8.87
,,,,,,
339,-0.12,0.07,-0.02,4.26,0.67,8.78
,,,,,,
340,-0.12,0.08,-0.01,4.38,0.57,8.6
,,,,,,
341,-0.13,0.05,-0.01,3.96,0.83,9.2
,,,,,,
342,-0.13,0.04,0,4.04,0.55,8.45
,,,,,,
343,-0.14,0.07,-0.01,4.3,0.93,8.88
,,,,,,
344,-0.15,0.04,-0.01,4.38,0.68,8.61
,,,,,,
345,-0.13,0.08,-0.02,4.15,0.62,8.97
,,,,,,
346,-0.13,0.06,-0.01,3.99,0.28,8.54
,,,,,,
347,-0.12,0.06,-0.01,3.87,0.77,8.26
,,,,,,
348,-0.13,0.07,-0.01,4.45,0.91,8.82
,,,,,,
349,-0.13,0.05,0,3.92,0.66,8.84
,,,,,,
350,-0.12,0.05,0.01,4.21,0.48,8.48
,,,,,,
351,-0.13,-0.01,0.01,3.99,0.44,9.03
,,,,,,
352,-0.14,0.04,0.01,4.73,0.96,9.04
,,,,,,
353,-0.13,0.03,0.01,3.86,0.54,8.97
,,,,,,
354,-0.12,0,0,3.99,0.17,9.22
,,,,,,
355,-0.13,0,-0.03,4.31,0.37,9.21
,,,,,,
356,-0.11,0.04,-0.02,4.32,0.61,8.89
,,,,,,
357,-0.12,-0.03,-0.01,4.19,0.35,9.01
,,,,,,
358,-0.12,0.03,-0.01,4.24,0.66,8.72
,,,,,,
359,-0.12,0.04,-0.01,3.99,0.96,9.08
,,,,,,
360,-0.11,0.04,0,4.09,0.51,9.09
,,,,,,
361,-0.13,0.02,0.01,4.49,0.95,8.67
,,,,,,
362,-0.13,0.04,0.01,3.99,0.68,8.54
,,,,,,
363,-0.13,0.03,0.01,4.37,1.08,9.67
,,,,,,
364,-0.11,-0.04,-0.01,4.1,0.63,8.89
,,,,,,
365,-0.12,0.03,-0.01,4.74,1.32,8.11
,,,,,,
366,-0.13,0.04,-0.01,3.64,0.26,8.98
,,,,,,
367,-0.1,0.01,-0.01,3.97,0.57,8.53
,,,,,,
368,-0.11,0.03,0,3.68,0.24,8.09
,,,,,,
369,-0.12,0.05,0,4.11,0.45,8.87
,,,,,,
370,-0.12,0.03,0,4.13,0.52,8.77
,,,,,,
371,-0.14,0.03,0,4.55,0.42,8.78
,,,,,,
372,-0.12,0.04,-0.01,4.27,0.8,9.04
,,,,,,
373,-0.12,0,-0.01,4.65,0.56,9.06
,,,,,,
374,-0.13,0.03,-0.02,4.13,1,9.08
,,,,,,
375,-0.12,0.05,-0.01,4.17,0.68,8.04
,,,,,,
376,-0.13,0.05,-0.01,4.13,0.68,8.96
,,,,,,
377,-0.13,0,-0.01,3.88,1.05,9.3
,,,,,,
378,-0.13,0.02,0,4.44,0.04,8.51
,,,,,,
379,-0.15,0.04,-0.01,4.18,0.6,8.35
,,,,,,
380,-0.14,0.04,0,3.86,0.51,9.28
,,,,,,
381,-0.14,0.02,0,4.91,0.46,8.09
,,,,,,
382,-0.15,0.01,-0.02,4.09,0.79,9.12
,,,,,,
383,-0.15,-0.02,-0.01,4.41,0.63,8.44
,,,,,,
384,-0.16,0.02,-0.01,4.24,0.68,8.52
,,,,,,
385,-0.15,0.01,-0.01,3.74,0.53,9.11
,,,,,,
386,-0.15,-0.01,-0.01,4.14,0.72,8.74
,,,,,,
387,-0.16,0,0,4.2,0.4,8.7
,,,,,,
388,-0.17,0,0,4.08,0.61,9.36
,,,,,,
389,-0.18,0,0,3.85,0.73,9.02
,,,,,,
390,-0.18,0.01,0,4.19,0.85,9.08
,,,,,,
391,-0.18,-0.03,0,4.02,0.45,8.95
,,,,,,
392,-0.19,-0.02,0,4.44,1.04,8.88
,,,,,,
393,-0.17,0.03,-0.01,3.8,0.54,8.96
,,,,,,
394,-0.16,0,-0.01,4.41,0.84,8.54
,,,,,,
395,-0.14,0.02,-0.01,3.57,-0.03,8.82
,,,,,,
396,-0.13,0.06,0,4.93,0.12,8.52
,,,,,,
397,-0.11,0,0,3.49,0.44,9.54
,,,,,,
398,-0.11,0,0,4.81,0.27,7.44
,,,,,,
399,-0.14,0.01,0,3.69,0.28,8.83
,,,,,,
400,-0.13,0.07,0,4.35,0.58,9.68
,,,,,,
401,-0.11,0.04,0,4.17,0.45,10.07
,,,,,,
402,-0.08,0.02,-0.01,4.64,0.67,9.25
,,,,,,
403,-0.1,0.04,-0.01,4.25,0.26,8.42
,,,,,,
404,-0.13,0.03,-0.02,3.99,0.82,9.02
,,,,,,
405,-0.15,0.05,-0.03,4.62,0.55,9.23
,,,,,,
406,-0.09,0.06,-0.03,4.41,0.42,9.73
,,,,,,
407,-0.09,-0.04,-0.02,3.99,0.43,8.5
,,,,,,
408,-0.12,0.08,-0.03,4.01,1.04,8.66
,,,,,,
409,-0.11,-0.01,-0.03,3.95,0.58,8.65
,,,,,,
410,-0.12,0,-0.03,4.45,1.15,8.76
,,,,,,
411,-0.12,0.02,-0.03,3.81,0.57,8.52
,,,,,,
412,-0.13,0.04,-0.02,3.92,0.8,8.5
,,,,,,
413,-0.14,0.05,-0.02,4.01,0.12,8.23
,,,,,,
414,-0.12,0.08,-0.03,4.25,0.42,8.54
,,,,,,
415,-0.13,0.02,-0.01,4.16,0.24,8.65
,,,,,,
416,-0.12,0.05,0,4.47,0.34,9.25
,,,,,,
417,-0.12,-0.02,0,3.63,0.16,9.31
,,,,,,
418,-0.12,0.03,0.01,4.84,0.23,8.76
,,,,,,
419,-0.12,0.03,0.01,4.07,0.73,9.33
,,,,,,
420,-0.13,0.04,-0.01,4.6,0.78,8.73
,,,,,,
421,-0.13,0.01,-0.02,4.04,-0.07,9.13
,,,,,,
422,-0.13,0.07,-0.03,4.49,1.02,8.82
,,,,,,
423,-0.14,0.05,-0.03,4.01,0.38,9.57
,,,,,,
424,-0.11,0.03,-0.02,4.47,0.57,8.84
,,,,,,
425,-0.11,0.06,-0.02,4.15,0.74,9.19
,,,,,,
426,-0.1,0.02,-0.01,4.32,1.1,8.72
,,,,,,
427,-0.11,0.04,0,3.89,0.74,9.3
,,,,,,
428,-0.12,0.06,-0.01,4.25,1.16,8.74
,,,,,,
429,-0.12,0.02,-0.01,4.31,0.73,9.47
,,,,,,
430,-0.12,0.02,-0.01,4.13,1.24,9.2
,,,,,,
431,-0.13,0.05,-0.02,4.28,0.13,8.62
,,,,,,
432,-0.13,0.01,-0.02,4.03,1.13,8.93
,,,,,,
433,-0.12,0.02,-0.01,4.18,0.23,9.06
,,,,,,
434,-0.11,0.01,-0.01,4.16,0.65,9.09
,,,,,,
435,-0.11,0.02,0.01,4.33,0.18,8.49
,,,,,,
436,-0.13,0.02,0.01,4.34,1.01,8.66
,,,,,,
437,-0.12,0.01,0,3.92,-0.06,8.36
,,,,,,
438,-0.13,0.02,0.01,4.44,0.13,8.23
,,,,,,
439,-0.13,0.05,-0.02,4.03,0.28,8.34
,,,,,,
440,-0.13,0.01,-0.02,4.54,0.61,8.63
,,,,,,
441,-0.14,0.05,-0.03,4.35,0.11,9.02
,,,,,,
442,-0.13,0.02,-0.03,3.94,0.51,9.04
,,,,,,
443,-0.11,0.01,-0.03,4.36,0.18,8.54
,,,,,,
444,-0.12,-0.01,-0.02,4.6,1.07,8.76
,,,,,,
445,-0.11,0.03,-0.01,4.46,0.81,8.78
,,,,,,
446,-0.12,-0.01,0,4.54,0.21,8.6
,,,,,,
447,-0.13,0.04,0,3.92,0.5,8.27
,,,,,,
448,-0.13,0.05,0,3.91,0.22,8.8
,,,,,,
449,-0.14,0.03,-0.01,4.46,0.61,8.88
,,,,,,
450,-0.14,0.04,-0.01,4.08,0.39,8.83
,,,,,,
451,-0.13,0.03,-0.01,4.34,0.46,9.15
,,,,,,
452,-0.12,0.02,-0.01,4.28,0.47,8.99
,,,,,,
453,-0.12,0.02,0,4.47,0.46,9.09
,,,,,,
454,-0.11,0.04,0,4.45,0.28,8.83
,,,,,,
455,-0.12,0.02,0.01,4.42,0.7,8.41
,,,,,,
456,-0.13,0.04,0.01,4.32,0.37,8.71
,,,,,,
457,-0.12,0.03,0.01,4.76,0.94,9.01
,,,,,,
458,-0.12,0.04,0,4.25,0.03,8.21
,,,,,,
459,-0.12,0.02,-0.01,5.06,0.94,8
,,,,,,
460,-0.13,0.05,-0.02,4.25,0.82,8.86
,,,,,,
461,-0.12,-0.01,-0.01,4.01,0,8.05
,,,,,,
462,-0.13,0.06,-0.01,4.05,1.12,7.68
,,,,,,
463,-0.11,0.05,0,3.62,-0.34,8.94
,,,,,,
464,-0.11,-0.01,0,4.06,0.42,8.1
,,,,,,
465,-0.12,0.05,0.01,4.07,0.87,8.39
,,,,,,
466,-0.12,0.06,0,4.17,0.83,9.18
,,,,,,
467,-0.12,0.02,-0.01,4.14,0.88,8.28
,,,,,,
468,-0.12,0.05,-0.02,3.9,0.71,8.19
,,,,,,
469,-0.13,0.04,-0.03,3.91,0.75,8.59
,,,,,,
470,-0.12,-0.02,-0.03,4.24,0.25,8.07
,,,,,,
471,-0.13,0.03,-0.02,4.07,0.31,8.5
,,,,,,
472,-0.12,0.03,-0.01,4.08,-0.05,8.54
,,,,,,
473,-0.13,0.03,0,4.52,0.64,8.33
,,,,,,
474,-0.12,0,0,4.38,0.65,9.05
,,,,,,
475,-0.13,0.05,0,4.35,1.23,9.04
,,,,,,
476,-0.13,0.05,-0.01,3.52,0.36,8.73
,,,,,,
477,-0.12,0.07,-0.02,4.43,0.87,8.13
,,,,,,
478,-0.13,0.03,-0.02,4.12,0.61,9.39
,,,,,,
479,-0.11,0.01,-0.03,4.17,0.4,9
,,,,,,
480,-0.12,0.04,-0.02,3.99,-0.11,8.37
,,,,,,
481,-0.12,0.05,-0.01,3.89,0.22,8.84
,,,,,,
482,-0.12,0.01,0,4.46,0.25,8.5
,,,,,,
483,-0.13,0.03,0,4.66,0.88,8.61
,,,,,,
484,-0.13,0.03,0,4.07,0.67,9.07
,,,,,,
485,-0.13,0.05,-0.01,4.65,1.42,9.13
,,,,,,
486,-0.12,0.06,-0.01,3.98,0.84,9.18
,,,,,,
487,-0.13,0.07,-0.02,4.4,0.73,8.28
,,,,,,
488,-0.11,0.02,-0.01,3.79,0.78,8.64
,,,,,,
489,-0.12,0.02,-0.01,4.32,0.71,8.34
,,,,,,
490,-0.12,0.05,-0.01,4.35,0.96,8.3
,,,,,,
491,-0.14,0,0.01,4.13,0.37,8.62
,,,,,,
492,-0.13,0.03,0.01,4.28,0.7,8.27
,,,,,,
493,-0.13,0.01,0.01,3.73,0.35,8.43
,,,,,,
494,-0.12,0.03,0,4.09,0.8,8.89
,,,,,,
495,-0.12,0.03,-0.01,3.56,0.46,8.5
,,,,,,
496,-0.12,0.06,-0.02,4.14,0.45,8.59
,,,,,,
497,-0.11,0.02,-0.03,4.16,0.79,8.47
,,,,,,
498,-0.11,0.05,-0.02,4.02,0.85,8.18
,,,,,,
499,-0.12,0.02,-0.03,3.72,0.76,8.82
,,,,,,
500,-0.12,0.03,-0.02,4.01,0.59,8.47
,,,,,,
501,-0.13,0.03,-0.01,3.79,0.96,9.25
,,,,,,
502,-0.13,0.02,-0.02,3.8,0.93,8.65
,,,,,,
503,-0.13,0.02,-0.02,4.3,0.5,8.8
,,,,,,
504,-0.14,0.03,-0.02,3.85,1.44,9.19
,,,,,,
505,-0.12,-0.01,-0.02,4.29,0.27,8.85
,,,,,,
506,-0.13,0.03,-0.03,4.31,0.54,8.46
,,,,,,
507,-0.11,0.04,-0.02,3.98,0.35,8.72
,,,,,,
508,-0.11,0.06,-0.02,4.44,0.56,8.1
,,,,,,
509,-0.12,0.04,-0.02,4.01,0.53,8.59
,,,,,,
510,-0.13,0.03,-0.01,3.98,0.13,8.86
,,,,,,
511,-0.14,0.05,-0.02,4.28,0.57,9.06
,,,,,,
512,-0.12,0.01,0,3.77,0.89,8.71
,,,,,,
513,-0.13,0.02,0,4.01,0.74,8.85
,,,,,,
514,-0.13,0.05,-0.02,3.81,1.07,9.56
,,,,,,
515,-0.13,0.04,-0.02,4.14,0.67,9.39
,,,,,,
516,-0.12,0.04,-0.02,4.13,0.43,9.02
,,,,,,
517,-0.1,0.02,-0.02,4.1,0.77,8.33
,,,,,,
518,-0.12,0.03,-0.01,4.2,0.9,8.36
,,,,,,
519,-0.13,0.03,-0.02,4.39,0.72,7.87
,,,,,,
520,-0.13,0.05,0,4.62,0.73,8.2
,,,,,,
521,-0.14,0.02,0,3.95,0.54,8.81
,,,,,,
522,-0.11,0.02,-0.01,4.74,1.18,8.07
,,,,,,
523,-0.13,0.01,0,4.03,0.91,9.48
,,,,,,
524,-0.13,0,-0.01,4.53,1.11,8.07
,,,,,,
525,-0.12,0.03,-0.02,3.79,0.69,9.08
,,,,,,
526,-0.11,0.01,-0.02,4.59,0.8,8.13
,,,,,,
527,-0.12,0.05,-0.02,3.78,1,8.92
,,,,,,
528,-0.12,0.03,-0.02,4.44,0.02,8.03
,,,,,,
529,-0.12,0.06,-0.03,3.84,0.95,9.18
,,,,,,
530,-0.11,-0.01,-0.02,4.03,0.14,8.74
,,,,,,
531,-0.13,0.03,-0.02,4.1,0.44,8.75
,,,,,,
532,-0.13,0.01,-0.03,3.89,0.39,8.36
,,,,,,
533,-0.13,0.02,-0.02,4.94,0.39,8.82
,,,,,,
534,-0.13,0.01,-0.02,4.38,1.25,9.17
,,,,,,
535,-0.12,0.05,-0.02,4.25,0.79,8.43
,,,,,,
536,-0.13,0.06,-0.02,4.18,0.54,8.38
,,,,,,
537,-0.13,0.07,-0.03,4.24,0.98,8.49
,,,,,,
538,-0.12,0.01,-0.02,3.81,0.32,8.65
,,,,,,
539,-0.13,0.04,-0.02,4.51,1.06,8.5
,,,,,,
540,-0.12,0,-0.02,3.6,0.61,8.7
,,,,,,
541,-0.12,0,-0.01,4.35,0.42,8.53
,,,,,,
542,-0.11,0.03,0,4.11,1,8.56
,,,,,,
543,-0.13,-0.01,0,3.71,0.45,8.75
,,,,,,
544,-0.14,0.03,-0.01,5.13,0.89,8.14
,,,,,,
545,-0.14,0.04,-0.01,3.9,0.54,8.49
,,,,,,
546,-0.13,0.01,-0.01,4.58,0.79,8.34
,,,,,,
547,-0.12,0.04,-0.02,3.82,0.33,8.53
,,,,,,
548,-0.12,0.03,0,3.91,0.84,9.4
,,,,,,
549,-0.12,0.01,-0.01,3.78,0.66,9.34
,,,,,,
550,-0.11,0.03,0,4.74,0.56,8.43
,,,,,,
551,-0.11,0.03,0.01,3.85,0.69,9.26
,,,,,,
552,-0.11,0.01,0.01,4.38,1.08,9.05
,,,,,,
553,-0.13,0.05,-0.01,4.36,1.33,9.4
,,,,,,
554,-0.12,0.02,-0.02,4.98,0.85,8.68
,,,,,,
555,-0.13,0.05,-0.01,4,1.25,9.21
,,,,,,
556,-0.12,0.04,-0.01,4.57,0.79,9.25
,,,,,,
557,-0.11,0.03,-0.02,3.63,0.55,9.35
,,,,,,
558,-0.11,0,0,4.55,0.2,8.58
,,,,,,
559,-0.11,0.04,0,4.33,1.04,8.56
,,,,,,
560,-0.12,0.01,0.01,4.2,0.49,8.07
,,,,,,
561,-0.14,0.03,0,4.3,1.02,8.43
,,,,,,
562,-0.13,0.05,0,3.99,0.65,8.7
,,,,,,
563,-0.14,0.03,-0.01,4.23,0.65,8.77
,,,,,,
564,-0.13,0.06,-0.02,4.14,0.77,8.62
,,,,,,
565,-0.14,0.03,-0.02,3.98,0.93,8.58
,,,,,,
566,-0.11,0.01,-0.03,4.1,0.24,9.18
,,,,,,
567,-0.11,-0.01,-0.02,4.64,0.86,8.14
,,,,,,
568,-0.11,0.03,-0.01,4.19,0.29,8.7
,,,,,,
569,-0.12,0.01,0,4.62,0.4,8.32
,,,,,,
570,-0.12,0.04,0,3.89,0.31,8.76
,,,,,,
571,-0.13,0.04,-0.01,4.11,0.18,8.71
,,,,,,
572,-0.13,0.03,-0.01,4.6,0.83,8.64
,,,,,,
573,-0.13,0.04,-0.01,4.26,0.57,8.48
,,,,,,
574,-0.13,0.02,-0.01,4.33,0.79,8.67
,,,,,,
575,-0.12,0.06,-0.01,4.24,0.92,9.05
,,,,,,
576,-0.11,0.01,0,4.24,0.55,8.97
,,,,,,
577,-0.11,0.05,0,4.13,0.77,8.62
,,,,,,
578,-0.11,0.02,0.01,4.23,0.62,9.07
,,,,,,
579,-0.12,0.03,0.01,4.07,1,9.6
,,,,,,
580,-0.12,0.04,0.02,4.51,0.81,8.91
,,,,,,
581,-0.12,0.02,0,4.48,1.24,9.1
,,,,,,
582,-0.13,0.02,0,4.38,0.67,8.5
,,,,,,
583,-0.14,0.06,-0.01,4.38,0.69,9.14
,,,,,,
584,-0.12,0.03,-0.01,3.91,0.28,8.69
,,,,,,
585,-0.11,0.01,-0.01,4.25,0.51,8.47
,,,,,,
586,-0.12,0.06,-0.01,4.02,0.8,8.84
,,,,,,
587,-0.11,0.03,-0.01,4.1,0.96,8.88
,,,,,,
588,-0.11,0.03,0,4.39,0.88,9
,,,,,,
589,-0.1,0.05,0,3.95,0.61,8.92
,,,,,,
590,-0.12,0.04,0,4.5,0.67,8.77
,,,,,,
591,-0.13,0.01,-0.01,3.94,0.55,8.51
,,,,,,
592,-0.13,0.03,-0.02,4.3,0.66,8.34
,,,,,,
593,-0.13,0.02,-0.03,4.21,0.93,8.83
,,,,,,
594,-0.12,0.03,-0.03,3.59,0.55,8.84
,,,,,,
595,-0.11,0.03,-0.03,4.22,0.21,8.24
,,,,,,
596,-0.12,0.05,-0.02,4.61,0.82,8.55
,,,,,,
597,-0.11,0.01,-0.01,4.14,0.74,8.94
,,,,,,
598,-0.12,0.04,-0.01,4.24,1.24,8.48
,,,,,,
599,-0.13,0.02,-0.01,3.71,0.66,8.22
,,,,,,
600,-0.14,0.03,-0.02,3.96,1.07,8.67
,,,,,,
601,-0.12,0,-0.03,4.14,0.92,8.81
,,,,,,
602,-0.12,0.01,-0.02,4.7,0.47,8.02
,,,,,,
603,-0.13,0.02,-0.03,4.37,0.79,8.42
,,,,,,
604,-0.12,0.03,-0.02,3.86,0.12,8.85
,,,,,,
605,-0.12,0.03,-0.01,4.16,0.38,8.64
,,,,,,
606,-0.12,0.05,0,3.79,0.55,8.87
,,,,,,
607,-0.12,0.02,-0.01,4.26,0.3,9.16
,,,,,,
608,-0.12,0.03,-0.01,4.42,0.97,9.28
,,,,,,
609,-0.12,0.04,0,4.46,0.24,8.88
,,,,,,
610,-0.13,0.06,-0.01,4.29,1.06,8.88
,,,,,,
611,-0.13,0.03,-0.02,4.06,0.78,8.68
,,,,,,
612,-0.13,0.05,-0.03,4.2,1.44,9.23
,,,,,,
613,-0.12,0.01,-0.03,3.79,0.54,9.48
,,,,,,
614,-0.12,0.02,-0.02,4.73,1.11,8.95
,,,,,,
615,-0.12,0.01,-0.01,4.25,0.04,8.39
,,,,,,
616,-0.11,0.05,-0.01,4.58,1,8.01
,,,,,,
617,-0.12,0.01,-0.01,3.93,0.51,8.97
,,,,,,
618,-0.12,0.04,-0.02,4.32,1.37,8.57
,,,,,,
619,-0.12,0.04,-0.02,4.1,0.62,8.8
,,,,,,
620,-0.13,0.02,-0.03,3.76,1.4,8.97
,,,,,,
621,-0.11,0.03,-0.03,4.24,0.58,8.42
,,,,,,
622,-0.12,0.03,-0.03,3.8,1.07,8.36
,,,,,,
623,-0.12,0.05,-0.03,4.32,0.62,8.11
,,,,,,
624,-0.13,0.03,-0.03,4.11,0.61,8.3
,,,,,,
625,-0.11,0,-0.01,3.82,0.29,9.12
,,,,,,
626,-0.11,0,-0.02,4.22,0.45,7.98
,,,,,,
627,-0.12,-0.01,-0.02,4.06,0.37,8.18
,,,,,,
628,-0.12,0.05,-0.02,3.84,0.38,8.58
,,,,,,
629,-0.12,0.07,-0.03,4.15,0.99,8.98
,,,,,,
630,-0.11,0.01,-0.03,4.35,0.68,8.67
,,,,,,
631,-0.12,0.07,-0.03,4.6,1.06,9.31
,,,,,,
632,-0.12,0.04,-0.03,3.9,0.74,9.4
,,,,,,
633,-0.13,0.03,-0.03,4.31,1.12,8.68
,,,,,,
634,-0.13,0.03,-0.03,4.21,0.23,9.35
,,,,,,
635,-0.13,-0.02,-0.03,3.73,1,8.66
,,,,,,
636,-0.11,0.04,-0.02,4.34,0.5,8.66
,,,,,,
637,-0.11,0.03,-0.03,3.74,1.01,9.21
,,,,,,
638,-0.12,0.04,-0.03,4.5,1.01,8.78
,,,,,,
639,-0.13,0.05,-0.04,3.74,0.83,9.17
,,,,,,
640,-0.12,0.02,-0.03,4.75,0.79,8.37
,,,,,,
641,-0.12,0.06,-0.04,3.89,0.99,8.55
,,,,,,
642,-0.13,0.05,-0.03,4.29,0.69,8.3
,,,,,,
643,-0.12,0.02,-0.03,4.11,0.52,9.06
,,,,,,
644,-0.12,0,-0.01,4.91,0.42,8.2
,,,,,,
645,-0.12,0.04,0,4.35,0.9,8.89
,,,,,,
646,-0.1,0,0,4.18,0.21,8.54
,,,,,,
647,-0.13,0.04,0,4.2,1.39,8.65
,,,,,,
648,-0.13,0.02,-0.02,4.48,1.12,8.58
,,,,,,
649,-0.14,0.04,-0.02,3.69,0.51,8.63
,,,,,,
650,-0.11,0.05,-0.04,4.52,1.28,8.3
,,,,,,
651,-0.11,-0.01,-0.03,3.73,0.54,8.84
,,,,,,
652,-0.11,0,-0.03,4.17,0.89,7.67
,,,,,,
653,-0.12,0.06,-0.02,4.1,0.9,8.78
,,,,,,
654,-0.12,0,-0.02,4.06,1.07,8.99
,,,,,,
655,-0.12,-0.01,0,4.18,0.54,8
,,,,,,
656,-0.13,0.05,-0.01,4.47,1.36,8.44
,,,,,,
657,-0.13,0.04,-0.02,3.69,1.14,8.97
,,,,,,
658,-0.12,0.02,-0.03,4.08,1.23,8.87
,,,,,,
659,-0.12,0.03,-0.04,3.92,0.24,8.87
,,,,,,
660,-0.12,0,-0.04,4.15,0.53,8.64
,,,,,,
661,-0.12,0.03,-0.01,4.26,0.3,7.98
,,,,,,
662,-0.13,0.05,0,3.93,0.7,8.16
,,,,,,
663,-0.14,0.03,0,4.26,0.19,8.64
,,,,,,
664,-0.15,0.01,0.01,4.07,0.65,8.83
,,,,,,
665,-0.13,0.03,0.01,4.14,0.33,9.07
,,,,,,
666,-0.1,0.06,-0.01,4.37,0.91,8.96
,,,,,,
667,-0.13,0.04,-0.02,4.31,1.06,9.08
,,,,,,
668,-0.13,0.04,-0.04,4.59,1.08,8.97
,,,,,,
669,-0.14,0.01,-0.03,3.73,0.89,9.49
,,,,,,
670,-0.14,0,-0.03,4.78,0.47,8.09
,,,,,,
671,-0.13,0.02,0,4.24,0.72,8.45
,,,,,,
672,-0.13,0.02,0.01,4.13,0.55,8.3
,,,,,,
673,-0.1,0.06,0.01,4.52,1.31,8.31
,,,,,,
674,-0.08,0.01,0.01,4.28,0.51,8.33
,,,,,,
675,-0.12,0.07,-0.02,5.05,1.9,9.06
,,,,,,
676,-0.13,0.04,-0.03,3.79,1.13,9.15
,,,,,,
677,-0.13,0.03,-0.04,4.13,1.37,8.39
,,,,,,
678,-0.13,0.01,-0.03,4.16,0.35,8.22
,,,,,,
679,-0.13,0.01,-0.02,4.21,0.49,8.84
,,,,,,
680,-0.12,0.01,0,3.62,0.64,8.37
,,,,,,
681,-0.12,0.05,0,3.85,0.42,8.04
,,,,,,
682,-0.11,0.05,0.01,4.33,0.49,8.66
,,,,,,
683,-0.09,0.04,0,4.65,0.86,8.5
,,,,,,
684,-0.12,0.03,-0.01,4.2,1.57,9.49
,,,,,,
685,-0.13,0,-0.04,3.63,0.88,9.57
,,,,,,
686,-0.12,0.03,-0.04,4.38,0.73,9.39
,,,,,,
687,-0.12,0.02,-0.03,4.06,0.49,8.18
,,,,,,
688,-0.11,0.03,-0.02,4.48,0.38,7.95
,,,,,,
689,-0.13,0.04,-0.01,4.17,0.36,7.85
,,,,,,
690,-0.12,0.05,-0.01,3.54,0.32,9.18
,,,,,,
691,-0.12,0.04,0,3.48,0.78,9.23
,,,,,,
692,-0.11,0,-0.01,4.17,0.46,9.06
,,,,,,
693,-0.11,0.01,-0.01,4.31,1.51,9.14
,,,,,,
694,-0.12,0,-0.01,4.09,1.04,9.04
,,,,,,
695,-0.13,0.01,-0.01,4.2,0.84,8.14
,,,,,,
696,-0.13,0.05,-0.02,4.35,0.77,8.25
,,,,,,
697,-0.12,0.03,-0.01,4.39,1.08,8.56
,,,,,,
698,-0.15,0.04,-0.01,3.92,0.86,8.33
,,,,,,
699,-0.13,0.05,0,3.6,-0.03,8.36
,,,,,,
700,-0.12,0.05,-0.01,4.23,0.92,8.86
,,,,,,
701,-0.11,0.02,0.01,3.9,0.53,8.61
,,,,,,
702,-0.13,0.04,0.01,4.42,0.88,8.96
,,,,,,
703,-0.12,0.01,0,4.39,1.17,9.22
,,,,,,
704,-0.13,0,0,4.44,1.02,8.65
,,,,,,
705,-0.14,0.03,-0.01,4.21,0.78,8.72
,,,,,,
706,-0.14,0.03,-0.01,4.25,0.71,8.65
,,,,,,
707,-0.13,0.03,-0.01,3.95,0.37,8.65
,,,,,,
708,-0.11,0.06,-0.01,4.66,0.54,8.49
,,,,,,
709,-0.1,0.05,0,3.9,0.64,8.88
,,,,,,
710,-0.12,0.04,0,4.43,0.85,8.26
,,,,,,
711,-0.13,0.05,0,3.82,1.03,8.75
,,,,,,
712,-0.13,-0.01,0,4.28,0.6,8.42
,,,,,,
713,-0.15,0.03,-0.01,4.04,1.36,8.6
,,,,,,
714,-0.14,0.03,-0.01,3.74,0.62,8.26
,,,,,,
715,-0.14,0.02,-0.01,4.2,1.12,8.52
,,,,,,
716,-0.13,0.03,-0.01,4.13,1.16,8.41
,,,,,,
717,-0.12,0.05,-0.02,4.48,0.73,8.77
,,,,,,
718,-0.11,0.01,-0.01,4.02,0.62,8.46
,,,,,,
719,-0.13,0.04,-0.01,4.37,0.62,7.99
,,,,,,
720,-0.11,0.01,-0.01,3.69,0.69,8.9
,,,,,,
721,-0.12,-0.02,-0.01,4.52,0.86,8.19
,,,,,,
722,-0.13,0.02,-0.01,4.12,0.51,7.87
,,,,,,
723,-0.13,0.04,-0.01,4.23,0.74,8.26
,,,,,,
724,-0.13,0.03,-0.01,3.6,0.59,8.08
,,,,,,
725,-0.14,0.06,-0.02,3.93,0.64,8.49
,,,,,,
726,-0.13,0.06,-0.02,4.21,1,9.01
,,,,,,
727,-0.13,0.04,-0.03,3.96,0.58,9.27
,,,,,,
728,-0.12,0.01,-0.03,4.33,1.21,9.31
,,,,,,
729,-0.11,0.05,-0.01,4.49,0.91,8.71
,,,,,,
730,-0.11,-0.01,0,4.05,0.85,9.62
,,,,,,
731,-0.13,0.03,0,4.44,0.78,8.3
,,,,,,
732,-0.13,0.06,0,4.15,0.79,9.06
,,,,,,
733,-0.13,-0.01,0,4.18,1.3,8.17
,,,,,,
734,-0.14,0.06,-0.01,3.93,1.09,8.56
,,,,,,
735,-0.13,0.04,-0.02,3.98,0.95,9.14
,,,,,,
736,-0.11,0.03,-0.03,4.07,1.17,8.72
,,,,,,
737,-0.11,0,-0.02,3.99,0.41,8.97
,,,,,,
738,-0.11,0.05,-0.02,4.5,0.76,8.98
,,,,,,
739,-0.11,-0.02,-0.01,4.1,0.9,8.83
,,,,,,
740,-0.12,0.05,-0.01,4.32,0.64,8.27
,,,,,,
741,-0.13,0.03,0.01,4.17,1.24,8.73
,,,,,,
742,-0.13,0.05,-0.01,4.48,1.17,9
,,,,,,
743,-0.12,0.02,-0.02,4.52,1.21,8.99
,,,,,,
744,-0.13,0.05,-0.03,4.4,0.85,9.31
,,,,,,
745,-0.1,0.03,-0.03,4.28,1.06,9.28
,,,,,,
746,-0.1,-0.02,-0.03,4.19,1.01,7.87
,,,,,,
747,-0.12,0.07,-0.03,3.86,1.1,8.74
,,,,,,
748,-0.11,0,-0.02,4.1,0.88,8.55
,,,,,,
749,-0.12,0.03,-0.03,4.34,1.21,8.18
,,,,,,
750,-0.12,0.02,-0.01,4.3,0.7,7.92
,,,,,,
751,-0.14,0.03,-0.02,3.93,1.22,8.1
,,,,,,
752,-0.13,0.03,-0.03,3.71,0.28,8.54
,,,,,,
753,-0.14,0.03,-0.04,3.97,1.05,8.77
,,,,,,
754,-0.13,0,-0.03,3.64,0.27,9.39
,,,,,,
755,-0.12,0.01,-0.04,4.31,0.72,8.73
,,,,,,
756,-0.12,0.03,-0.03,4.52,0.26,8.49
,,,,,,
757,-0.12,0.03,-0.02,4.5,0.73,8.94
,,,,,,
758,-0.12,0.04,0,4.37,0.23,8.8
,,,,,,
759,-0.12,0.01,0,4.15,0.57,8.76
,,,,,,
760,-0.13,0.06,-0.01,4.52,0.75,9.2
,,,,,,
761,-0.13,0,-0.02,4.09,1.01,9.03
,,,,,,
762,-0.14,0.03,-0.03,4.32,0.08,8.2
,,,,,,
763,-0.13,0.05,-0.04,4.15,1.13,9.17
,,,,,,
764,-0.12,0.03,-0.03,4.23,0.61,8.98
,,,,,,
765,-0.12,0.04,-0.03,4.12,0.61,8.92
,,,,,,
766,-0.11,0.05,-0.02,4.48,0.55,8.61
,,,,,,
767,-0.12,0.02,-0.01,3.67,1.02,9.33
,,,,,,
768,-0.13,0.06,0.01,4.56,1.31,8.7
,,,,,,
769,-0.13,0.02,-0.02,3.61,1.08,9.72
,,,,,,
770,-0.12,0.03,-0.03,4.53,1.21,8.68
,,,,,,
771,-0.13,0.01,-0.04,3.77,1.07,9.38
,,,,,,
772,-0.12,0.04,-0.04,5.02,1.07,9.07
,,,,,,
773,-0.12,0.03,-0.03,4.58,0.18,8.96
,,,,,,
774,-0.1,0.06,0,4.59,0.31,8.62
,,,,,,
775,-0.11,0.02,0,4.19,0.85,9.04
,,,,,,
776,-0.13,0.03,0,4.32,1.02,8.88
,,,,,,
777,-0.12,0.01,0.01,4.09,0.8,8.87
,,,,,,
778,-0.12,0.01,-0.01,4.47,0.83,8.25
,,,,,,
779,-0.11,0.03,-0.01,4.14,1.11,8.52
,,,,,,
780,-0.12,0.05,-0.04,4.05,1.37,8.56
,,,,,,
781,-0.12,0.04,-0.05,3.93,1.13,9.03
,,,,,,
782,-0.13,0.02,-0.04,4.06,0.66,8.14
,,,,,,
783,-0.12,0.07,-0.02,4.2,0.39,8.73
,,,,,,
784,-0.11,0.01,0,3.68,0.25,8.85
,,,,,,
785,-0.11,0.02,0,3.95,0.92,8.41
,,,,,,
786,-0.13,0.04,-0.01,3.78,1.08,9.32
,,,,,,
787,-0.13,0,-0.02,4.1,1.33,9.42
,,,,,,
788,-0.12,0.01,-0.02,4.29,1.17,9.16
,,,,,,
789,-0.12,0.04,-0.02,4.56,0.9,8.23
,,,,,,
790,-0.12,0.04,-0.02,4.55,0.91,8.82
,,,,,,
791,-0.13,0.01,0,3.97,0.36,8.69
,,,,,,
792,-0.13,0.07,0,4.88,0.75,8.53
,,,,,,
793,-0.14,0.03,0,4.22,0.53,9.33
,,,,,,
794,-0.14,0.01,0,4.28,0.85,9.08
,,,,,,
795,-0.11,-0.01,0,4.18,0.58,8.79
,,,,,,
796,-0.11,0.01,-0.01,4.36,1.3,8.36
,,,,,,
797,-0.14,0.05,-0.02,3.54,0.82,8.08
,,,,,,
798,-0.13,0.08,-0.02,3.54,0.58,9.15
,,,,,,
799,-0.12,0.05,-0.02,3.83,0.68,8.62
,,,,,,
800,-0.11,0.03,-0.01,4.07,0.76,8.78
,,,,,,
801,-0.13,0.05,0,4.38,1.19,9.16
,,,,,,
802,-0.14,0.02,0,4.38,1.05,8.69
,,,,,,
803,-0.12,0.02,0,4.8,0.94,8.49
,,,,,,
804,-0.11,0,0,4.46,1.05,8.9
,,,,,,
805,-0.1,0.01,0,4.54,1.36,9.09
,,,,,,
806,-0.12,0.05,-0.02,4.16,1.14,8.95
,,,,,,
807,-0.13,0.02,-0.02,4.41,0.82,8.84
,,,,,,
808,-0.14,0.01,-0.02,4.3,1.16,8.78
,,,,,,
809,-0.12,0.03,-0.02,4.29,0.57,8.83
,,,,,,
810,-0.14,0.02,-0.01,3.85,0.5,8.41
,,,,,,
811,-0.13,0.05,-0.02,3.57,0.66,8.59
,,,,,,
812,-0.12,0.05,-0.02,4.27,1.23,8.69
,,,,,,
813,-0.1,0,-0.02,4.13,0.82,9.06
,,,,,,
814,-0.08,0.03,-0.01,3.98,0.25,9.13
,,,,,,
815,-0.1,0.03,-0.02,3.62,1.55,9.51
,,,,,,
816,-0.12,0.01,-0.02,4.42,1.2,8.46
,,,,,,
817,-0.15,0.03,-0.03,3.34,0.53,9.61
,,,,,,
818,-0.13,0,-0.03,4.29,1,8.57
,,,,,,
819,-0.13,0.04,-0.02,4.78,1.24,8.65
,,,,,,
820,-0.14,0.05,-0.02,3.95,1.56,9.13
,,,,,,
821,-0.12,0.04,-0.02,4.02,0.72,8.69
,,,,,,
822,-0.12,0.01,-0.01,4.34,0.84,8.19
,,,,,,
823,-0.11,0.03,-0.01,4.43,0.78,8.69
,,,,,,
824,-0.1,-0.01,-0.01,4.23,0.69,8.94
,,,,,,
825,-0.11,0.02,-0.01,4.38,1.26,8.9
,,,,,,
826,-0.14,0.04,-0.01,3.84,1.53,9.21
,,,,,,
827,-0.14,0.03,-0.02,3.83,0.85,9.11
,,,,,,
828,-0.13,0.05,-0.02,4.05,1.02,8.53
,,,,,,
829,-0.12,0.06,-0.01,3.72,0.42,8.76
,,,,,,
830,-0.12,0.04,-0.02,4.29,0.84,9.28
,,,,,,
831,-0.13,0.03,-0.02,4.09,0.62,9.1
,,,,,,
832,-0.13,0.01,-0.01,4.86,0.61,8.65
,,,,,,
833,-0.1,-0.01,0,4.24,0.69,8.95
,,,,,,
834,-0.07,0,0.01,4.36,0.87,9.02
,,,,,,
835,-0.1,0.06,0,4.55,1.88,9.22
,,,,,,
836,-0.15,0.06,-0.02,3.61,1.18,9.4
,,,,,,
837,-0.13,0.06,-0.02,3.81,0.78,9.73
,,,,,,
838,-0.1,0.05,-0.03,3.65,1.75,9.74
,,,,,,
839,-0.11,0.02,-0.03,4.4,0.9,8.18
,,,,,,
840,-0.13,-0.01,-0.04,3.7,1.22,9.3
,,,,,,
841,-0.14,0,-0.02,4.14,0.74,8.41
,,,,,,
842,-0.12,-0.01,-0.03,4.22,0.37,8.27
